gene,mean_1±std_1,mean_2±std_2,mean_3±std_3,mean_4±std_4,mean_5±std_5
VARIABLES01,5.4194±0.27737,3.45±0.9998
VARIABLES02,5.2165±0.56183,2.5652±0.27821,3.5754±0.49421
VARIABLES03,5.5756±0.57712,3.3788±0.78377
VARIABLES04,4.1249±1.0151,6.2596±0.37446
VARIABLES05,4.6924±1.2168
VARIABLES06,3.5352±0.59276,6.7288±0.17502,5.4215±0.69533
VARIABLES07,6.2439±0.6771,7.7232±0.14742,4.3326±0.65296
VARIABLES08,6.0354±0.59217,7.9309±0.50423,4.188±0.11139
VARIABLES09,7.8941±1.1662
